printAuthors, 2023-05-23 18:51:52
printAuthorsNationality, 2023-05-23 18:52:05
printAuthorsNationality, 2023-05-23 18:52:09
printAwards, 2023-05-23 18:52:16
printSections, 2023-05-23 21:40:07
printSections, 2023-05-23 21:42:54
printAuthors, 2023-05-23 22:27:20
printSections, 2023-05-23 22:27:35
printProducts, 2023-05-23 22:27:47
printAuthors, 2023-05-23 22:28:03
printSections, 2023-05-23 22:35:06
printSections, 2023-05-23 22:35:56
printSections, 2023-05-23 22:39:08
printSections, 2023-05-23 22:41:00
printSections, 2023-05-23 22:44:10
printSections, 2023-05-23 22:48:15
printSections, 2023-05-23 22:48:43
printSections, 2023-05-23 22:50:09
printSections, 2023-05-23 22:50:46
printSections, 2023-05-23 22:53:40
printSections, 2023-05-23 22:56:43
printSections, 2023-05-23 22:57:10
printSections, 2023-05-23 22:58:04
printSections, 2023-05-23 22:58:27
printSections, 2023-05-23 22:59:35
printSections, 2023-05-23 22:59:45
printSections, 2023-05-23 23:00:26
printSections, 2023-05-23 23:46:10
printSections, 2023-05-23 23:48:09
printAuthors, 2023-05-23 23:49:51
addAuthor, 2023-05-23 23:50:01
printAuthors, 2023-05-23 23:50:05
printSections, 2023-05-23 23:51:25
